created_at,user_id_str,text,Content_category,Audience_category,Content_source
Fri Jan 31 13:00:26 +0000 2020,894074714,Chinese brand communism is far more dangerous than any coronovirus outbreak.,opinion,General,First-hand
Fri Jan 31 13:01:10 +0000 2020,3061806541,@Notre_Josh I went to buy some masks and then I noticed that they were all made in China. I was afraid that they'd be infected.,opinion,General,First-hand
Fri Jan 31 13:03:19 +0000 2020,9.44E+17,"While y‚Äôall sleeping, all the medical masks sold out in all the pharmacies #coronavirus",opinion,General,First-hand
Fri Jan 31 13:05:12 +0000 2020,540323179,Is the Corona virus like the Budweiser flu?,question,General,First-hand
Fri Jan 31 13:09:11 +0000 2020,17501977,"With the coronavirus spreading, we're all wondering, is the next pandemic coming? - The Washington Post https://t.co/E9F37oGFss",fact,General,Secondary
Fri Jan 31 13:11:45 +0000 2020,1886570257,"Traffic ban, Do Not Travel to China. Um yeah. Never planned to.  #coronavirus https://t.co/8RNPomg3C7",opinion,General,First-hand
Fri Jan 31 13:11:48 +0000 2020,9.36E+17,"Coronavirus update. 10000 cases, 2 months. Level 4 travel ban now includes China. In comparison, SARS 8000 cases 8 months. Just the beginning",fact,General,Secondary
Fri Jan 31 13:13:14 +0000 2020,50427352,"Coronavirus Case Suspected in Djibouti, Where US and China Base Troops https://t.co/iZeQiEC6iQ",fact,local/personalized,Secondary
Fri Jan 31 13:16:40 +0000 2020,114249657,"Coronavirus could become a major security threat in developing countries, military commanders warn https://t.co/aQWT1SUYPD",fact,General,Secondary
Fri Jan 31 13:26:20 +0000 2020,1.15E+18,sir I may upset some folks saying this but we all deserve recovery üôã in treatment I heard it over&amp;over we start where we are no matter where hope springs eternal we all have common ground (the earth) we all enjoy Oxygen water our phones etc. or a nice meal @Apple üåçüôèüë©‚Äçüéì‚òÆÔ∏èüìø‚úùÔ∏è üçè https://t.co/UdfB14knFA,opinion,General,First-hand
Fri Jan 31 13:26:49 +0000 2020,496284926,Is it weird that I‚Äôve been reading/researching a lot about coronavirus .,opinion,local/personalized,First-hand
Fri Jan 31 13:36:24 +0000 2020,2178310401,"You are spitting on real victims of sexual violence with your lies just to gain notoriety. It‚Äôs disgusting, and so are you. If #coronavirus was a person, it would be you #FridayThoughts #WalkAwayFromDemocrats #WalkAway #MAGA2020Landslide #crazy #LiberalismIsAMentalDisease https://t.co/evUBzveYMF",opinion,General,First-hand
Fri Jan 31 13:42:17 +0000 2020,372350619,"I know this is all in the service of trying to stop the #coronavirus outbreak, but there is something deeply disturbing &amp; dystopian about this drone surveillance of ordinary civilians. https://t.co/g0drXJ3BIB",opinion,General,Secondary
Fri Jan 31 13:43:07 +0000 2020,112542289,This girl on Facebook says she knows a patient at Lutheran Hospital that has the coronavirus. It‚Äôs really not that big of a deal. It‚Äôs literally just the common cold but CAN turn into MERS / SARS for those with susceptible immune systems.,opinion,local/personalized,First-hand
Fri Jan 31 13:43:56 +0000 2020,3281244384,Maybe shut the hell up if you don't live in China bro? Maybe consider lives that has been killed and is still being killed because of this shit government? Dont fucking defend it  because it is actually killing us who has to live there while you live in freedom :),opinion,General,First-hand
Fri Jan 31 13:46:04 +0000 2020,9.49E+17,Capitalism replied with brutal honesty to World Health Organization‚Äôs Emergency Committee.  ‚ÄúI think it will help to accelerate the return of jobs to North America.‚Äù https://t.co/v8dXLYEJUf,opinion,General,Secondary
Fri Jan 31 13:49:13 +0000 2020,9544202,Can someone smart explain why the US has begun a travel ban to China but we‚Äôre not halting flights from China. Doesnot seem like this makes much sense.,opinion,General,First-hand
Fri Jan 31 13:49:48 +0000 2020,42448284,"What the hell is wrong with these people?! People are dying &amp; Sec. Ross is focused on the ""boost"" for the US economy? #WTF #GoBackToSleepWilbur https://t.co/4i3Uw4QQIE",opinion,General,Secondary
Fri Jan 31 13:52:37 +0000 2020,1.04E+18,I feel like ass. I blame China.,opinion,local/personalized,First-hand
Sat Feb 29 10:11:26 +0000 2020,24478289,So the coronavirus is here in hawaii right? People are stock piling toliet paper not hand sanitizers..?,opinion,local/personalized,First-hand
Sat Feb 29 10:13:42 +0000 2020,30587164,I made my daughters partner promise that if I die from coronavirus she will take my body to the White House and prop me up with the sign stating this is trumps fault. https://t.co/UeKBfImCWq,opinion,local/personalized,First-hand
Sat Feb 29 10:14:23 +0000 2020,106977430,Risk of global coronavirus spread 'very high' warns WHO as China situation stabilizes https://t.co/WMOgQRVKFB,fact,General,Secondary
Sat Feb 29 10:34:22 +0000 2020,104608496,"@GavinNewsom Thank you Governor.  Those are the basic necessities that everyone should follow, in order to avoid catching the Corona Virus.  I‚Äôm sure the Trolls are spewing conspiracy theories here, but keep up the fight Governor.  We‚Äôre supporting you.",opinion,local/personalized,Secondary
Sat Feb 29 10:34:44 +0000 2020,119967155,Task force to oversee planning for any outbreak - https://t.co/uanGMkNu7R,fact,General,Secondary
Sat Feb 29 10:36:20 +0000 2020,264315612,"Hand washing with soap also works to prevent the transmission of other types of viruses, including those that don‚Äôt have membranes, &amp; including some of the most stable viruses known. https://t.co/VhzKogJzeF",fact,General,Secondary
Sat Feb 29 10:36:29 +0000 2020,7.85E+17,But this idiot thought he knew better. He deleted this tweet. https://t.co/uhFomL77FY https://t.co/cqTuV7EwKD,opinion,General,First-hand
Sat Feb 29 10:37:45 +0000 2020,16140497,Can someone please explain to me why people are buying out all the toilet paper at Costco because of the Corona virus?,question,General,First-hand
Sat Feb 29 10:39:44 +0000 2020,7.44E+17,COVID-19 has me listening to the Contagion soundtrack and pretending I'm a CDC Epidemiologist... Alas it's too late to change careers now,opinion,local/personalized,First-hand
Sat Feb 29 10:47:11 +0000 2020,16255749,"Masks can't stop the coronavirus in the US, but hysteria has led to bulk-buying, price-gouging and serious fear for the future https://t.co/bPZBdCSAtm",fact,General,Secondary
Sat Mar 14 22:00:18 +0000 2020,751357538,I urge all residents of #NorthamptonMA and Hampshire County to read this important message from our community hospital. @cooleydickinson is on the front lines of the #COVID„Éº19 outbreak and they need our help. https://t.co/BkqlaKuXfg,fact,local/personalized,Secondary
Sat Mar 14 22:17:39 +0000 2020,14441126,UC has a solution to the national shortage of coronavirus testing ‚Äî do it in house https://t.co/dP69QHGDn2,fact,General,Secondary
Sat Mar 14 22:17:59 +0000 2020,205243850,"Currently sitting in a room with other passengers that have been tagged coming through customs. Per the customs agent, the CDC screening has been contracted out and the people who are supposed to be screening us currently aren‚Äôt here. No timeframe for being screened @THV11",opinion,local/personalized,First-hand
Sat Mar 14 22:18:27 +0000 2020,24420408,The entire reason I‚Äôm at Disney risking catching the Coronavirus. My niece is the Hawaiian with the huge ponytail flying on the left side. https://t.co/hSeXhW2Xwc,opinion,local/personalized,First-hand
Sat Mar 14 22:18:35 +0000 2020,7.89E+17,"There's no fear mongering in Identifying a pandemic, looking how it's rolling out around the world &amp; in our back yard. Then asking everyone to take necessary precautions to minimize spread, deaths &amp; the length of the pandemic!  Doing this will  stabilize markets faster as well! https://t.co/1TGW5jFKBV",fact,General,Secondary
Sat Mar 14 22:19:11 +0000 2020,130580145,Applause staff is practicing their #SocialDistancingNow skills @roysamuelgeorge  #SaturdayThoughts https://t.co/3763mKoMnU,fact,General,First-hand
Sat Mar 14 22:19:50 +0000 2020,72188511,"Finally, we encourage all customers to follow the CDC's suggested hygiene practices to reduce the spread of the virus like, washing your hands often with soap and water for 20 seconds and avoid touching your eyes, nose and mouth with unwashed hands. Part#4 https://t.co/i8rKhqnHy0",fact,General,Secondary
Sat Mar 14 22:19:58 +0000 2020,16264556,"Now this is a unique Corona post... saw it today near Frenchburg, KY @ Frenchburg, Kentucky https://t.co/2dkms5sVws",opinion,local/personalized,First-hand
Sat Mar 14 22:20:46 +0000 2020,72610906,It is shocking to me how many elderly people I've seen out and about just doing casual shopping in crowded stores these past few days. YOU GUYS ARE LITERALLY RISKING YOUR LIVES TO SAVE $5 ON RANDOM STUFF AT TARGET #coronavirus,opinion,General,First-hand
Sat Mar 14 22:20:58 +0000 2020,553657367,"So far, this social distancing looks pretty much like my regular life.",opinion,local/personalized,First-hand
Sat Mar 14 22:22:26 +0000 2020,78132725,20 residents test positive for #coronavirus in CT | News | https://t.co/KwGtuiTKkr https://t.co/4fc4tqoPSJ #COVID„Éº19,fact,General,Secondary
Sat Mar 14 22:23:08 +0000 2020,9.73E+17,The government is going about this all wrong. What they really need to do is hand out Chuck Norris masks to everyone. The #Coronavirus will implode from sheer terror. #COVID„Éº19 #coronapocalypse #ChuckNorris,opinion,General,First-hand
Sat Mar 14 22:40:30 +0000 2020,597201219,"Is hearing lost a symptom of Coronavirus, because I‚Äôm soo fucking tired of repeating myself to these rude ass customersüôÉüôÉ",opinion,General,First-hand
Sat Mar 14 22:43:46 +0000 2020,782578706,"My aunt yelled out the window to a flock of geese that because of the coronavirus, they have to postpone having their babies üòÇüòÇ",opinion,local/personalized,First-hand
Sat Mar 14 22:45:32 +0000 2020,197630810,"Make them donate it, then guillotine them. Assholes. https://t.co/5UAMgz77qY",opinion,local/personalized,First-hand
Sun Feb 09 02:02:01 +0000 2020,21542510,if they pulled the stuff in the sixties and seventies they would have had their asses handed to them as they were thrown into jail so why isn't yhis happening today and they are charged with civil disobedience cuz apparently they think they're allowed to do this @realDonaldTrump https://t.co/2o0QufEzMB,opinion,General,First-hand
Sun Feb 09 02:04:21 +0000 2020,8.97E+17,"@Jackson92362948 @PeteTheJennings @MatthewJshow @realDonaldTrump True he's had to fight the insanity of the left all the way. They said his tariffs would bring us down, it even brought China to the table. Keep making America Great and if you're smart you'll keep
Trump/Pence in 2020.üôèüá∫üá≤‚ù§",opinion,General,Secondary
Sun Feb 09 02:09:12 +0000 2020,4515650200,Can we send them to MN? https://t.co/dqSRvT7UH9,question,local/personalized,First-hand
Sun Feb 09 02:13:07 +0000 2020,145361565,Michigan is monitoring a new possible case of coronavirus in @OakGov County https://t.co/XLjnslsfVq,fact,local/personalized,Secondary
Sun Feb 09 02:58:05 +0000 2020,9.92E+17,White House Now Asking If Coronavirus Is a Bioweapon https://t.co/emcA1lluub,fact,General,Secondary
Sun Feb 09 06:56:46 +0000 2020,2542803811,3 years positive and I cannot tell you how many gay men try to HIV shame. https://t.co/d3W0CyCZ6T,opinion,General,First-hand
Thu Feb 06 07:11:55 +0000 2020,8.21E+17,"CDC intentionally combined OD deaths from illegal drugs w script opiates deaths just to increase FAKE NEWS anti-opiod Hysteria. Illegal fentanyl heroin cocaine meth are the Killers not script opiates
@POTUS @FLOTUS @ericbolling @SenJohnKennedy @parscale @SenatorBraun @MZHemingway https://t.co/2MZPn52Mvm",fact,General,Secondary
Thu Feb 06 07:27:44 +0000 2020,7.38E+17,Love when inland teams get exposure. https://t.co/ussJH1dnUH,opinion,local/personalized,First-hand
Thu Jan 30 13:07:02 +0000 2020,587861607,"Hot tip: a surgical mask won‚Äôt protect you, and you look like a moron. #coronavirus",fact,General,Secondary
Thu Jan 30 13:21:19 +0000 2020,2734251150,Health alert issued over Tigerair flight after passenger diagnosed with coronavirus  https://t.co/NuwewUpSHp,fact,General,Secondary
Thu Jan 30 13:24:28 +0000 2020,484151028,Thousands held on cruise ship over suspected coronavirus case  https://t.co/oZ3NMHPpGN,,local/personalized,Secondary
Thu Jan 30 13:24:37 +0000 2020,1.07E+18,The spread of the virus will also have an economic impact on Wisconsin. https://t.co/sRjjpmpLvZ,fact,local/personalized,Secondary
Thu Jan 30 13:32:02 +0000 2020,238230663,"Reason number 1,367 why I‚Äôm never taking a cruise. https://t.co/fjRVN99YYw",opinion,local/personalized,First-hand
Thu Jan 30 13:41:26 +0000 2020,309303871,"Get a flu vaccine annually. Cough &amp; sneeze into the crook of your arm, not your hands. WASH YOUR HANDS (with SOAP) FREQUENTLY, ya‚Äô filthy animals!!!
https://t.co/JLaP54bu9C",fact,General,Secondary
Thu Jan 30 13:47:01 +0000 2020,1.20E+18,"Tom, you call China a liar but not trump who has lied to us over 16,000 times. Why are you even talking. Your opinion is worthless. Voting you out. https://t.co/b9Gox6lbVD",opinion,General,Secondary
Thu Jan 30 13:52:35 +0000 2020,8.30E+17,You cut the surveillance budget 80% . Who is left to monitor? https://t.co/CRRbxT8dQF https://t.co/BFKBuvWwcH,opinion,General,Secondary
Thu Jan 30 13:55:21 +0000 2020,2236800187,I would pretend cough so they can really be scared. https://t.co/gn3ke4jynJ,opinion,local/personalized,First-hand
Thu Jan 30 13:55:52 +0000 2020,13322182,"https://t.co/rHRjfkuXnb

I'm speechless, again...",opinion,local/personalized,First-hand
Thu Jan 30 13:56:55 +0000 2020,59047876,STILL NOT BANNED IN BOSTON: China flights still arriving at Logan International Airport as coronavir‚Ä¶ https://t.co/YQl6oN7BV6,opinion,local/personalized,Secondary
Thu Jan 30 13:58:53 +0000 2020,14107460,"- Go to Health Services or your doctor, but call ahead and let them know you suspect coronavirus (you‚Äôve been to China or in close contact with someone who was there)",opinion,General,Secondary
Thu Mar 12 05:01:21 +0000 2020,582371192,I already asked for graduation day off @Jacksterz_ so I'll go through a whole commencement ceremony with you in your living room https://t.co/nA3tldsx0o,opinion,local/personalized,First-hand
Thu Mar 12 05:03:22 +0000 2020,1.07E+18,"gas prices being low isnt good. its bad for people who live and work in the oilfield and who dependon it. but ya know, go off https://t.co/5ULQw79Qk5",opinion,General,First-hand
Thu Mar 12 05:21:40 +0000 2020,484392900,This is worse news than coronavirus https://t.co/lwaY1Jhl7Q,opinion,General,Secondary
Thu Mar 12 05:26:06 +0000 2020,7.51E+17,"If you see this report claiming to be from Stanford, don‚Äôt believe it. It‚Äôs not real. https://t.co/aREk4PpUHH",fact,General,Secondary
Thu Mar 12 05:47:27 +0000 2020,499192156,"This guy is an idiot! Courier Journal: Ex-Gov. Matt Bevin mocks coronavirus concerns

https://t.co/MO54rurs4c",fact,General,Secondary
Thu Mar 12 05:48:36 +0000 2020,1.15E+18,"yeah i have asthma. yeah I‚Äôm traveling to London. I‚Äôm at a higher risk of coronavirus in Houston than I am in the UK, gonna die anyway",opinion,local/personalized,First-hand
Tue Feb 11 17:47:53 +0000 2020,4700049796,"This Coronavirus is getting pretty scary. Really hoping it doesn‚Äôt get to Ohio State. Men‚Äôs basketball just played at Wisconsin, Women‚Äôs basketball just hosted Wisconsin, wrestling hosted Northwestern (2 cases in Chicago area), and men‚Äôs lacrosse just traveled to Boston U üò≥ https://t.co/x2otBOmoz1",fact,local/personalized,First-hand
Tue Feb 11 17:57:34 +0000 2020,740115985,Medical screening stations at #unpacked today. Thanks China. #CoronavirusOutbreak,opinion,local/personalized,First-hand
Tue Jan 28 02:10:23 +0000 2020,1.04E+18,They said someone in Lakewood had the coronavirus and my roommate said they probably just mistook it for wook fluüò≠üò≠üò≠,opinion,local/personalized,Secondary
Tue Jan 28 02:23:02 +0000 2020,9.02E+17,Our prayers are with you #Wuhan! https://t.co/zOrnlKNTmU,opinion,General,First-hand
Tue Jan 28 02:28:53 +0000 2020,60566553,how did this coronavirus come about,question,General,First-hand
Tue Jan 28 02:35:15 +0000 2020,248917075,Coronavirus got me feeling like I‚Äôm starring in I Am Legend 2 smh ü§¶üèæ‚Äç‚ôÇÔ∏è this virus is scary https://t.co/rSKrm9R8HI,opinion,local/personalized,First-hand
Tue Jan 28 02:48:06 +0000 2020,4448978975,Okay. This coronavirus has made me realize some of these chinese people are WEIRD,opinion,General,First-hand
Tue Mar 03 02:10:37 +0000 2020,1.02E+18,I work at a hospital and we are already receiving several calls asking about testing and we have zero answers except....don‚Äôt come to the hospital unless absolutely necessary and wash your hands. ü§¶üèª‚Äç‚ôÄÔ∏è #COVID„Éº19 https://t.co/BWrwYGtYF1,fact,General,First-hand
Tue Mar 03 02:12:32 +0000 2020,16190105,All clear! 4 OCFA firefighters quarantined because of possible coronavirus exposure are free to leave station 20. OCFA now says testing shows the patient they transported Sat night did not have Coronavirus. Just the possibility of that triggered the quarantine. @FOXLA https://t.co/g4BvJ2dOj9,fact,local/personalized,Secondary
Tue Mar 03 02:13:04 +0000 2020,596598446,"More people die from the flu every year... Corona ain't shit...

Stop people... just stop. https://t.co/QCQYIELcNG",opinion,General,First-hand
Tue Mar 03 02:15:02 +0000 2020,16848548,"Coronavirus scares the absolute shit out of me, not gonna lie.",opinion,local/personalized,First-hand
Tue Mar 03 02:15:24 +0000 2020,8.07E+17,"In my opinion, out Coronavirus and Credit Card overcharge debt, I worried of   Pelosi Illegal Immigration, not coming to make the America dream, instead to stole it's, legalizing criminals organizations, and, the Bureaucracy, than created a parallel power creating informal rules.",opinion,General,First-hand
Tue Mar 03 02:15:37 +0000 2020,2915245560,The coronavirus outbreak could mean no summer vacations this year in the Evergreen State #coronaviruswashington https://t.co/hgW9np3oOe,fact,local/personalized,Secondary
Tue Mar 03 02:15:45 +0000 2020,503415245,How two uniquely American issues could make the coronavirus worse https://t.co/4W3P8ZFZps via @YahooFinance,fact,General,Secondary
Tue Mar 03 02:16:24 +0000 2020,29561782,The people who are stocking up for fear of the coronavirus are the same ones who don‚Äôt wash their hands consistently after they use the bathroom,opinion,General,First-hand
Tue Mar 03 02:16:30 +0000 2020,630378169,When everyone‚Äôs making a big deal about the coronavirus but you realize less the 100k people have actually been affected heavy by the virus and we could use another plague https://t.co/5gwt94Vkc7,opinion,General,Secondary
Tue Mar 03 02:16:49 +0000 2020,36395921,Coronavirus screening at Arnold festival: What to expect... https://t.co/jJtRmQsb6q,fact,local/personalized,Secondary
Tue Mar 03 02:16:57 +0000 2020,102226248,This man thinks windmills cause cancer what on earth are you talking about. He will never get it. https://t.co/X1YpXUpsYU,opinion,local/personalized,First-hand
Tue Mar 03 02:17:14 +0000 2020,3303033874,Shared by viewers: pictures of empty shelves in stores across the valley. People are stocking up in fear of the coronavirus. Important to note: there are NO confirmed cases in Nevada. @FOX5Vegas https://t.co/Z2IBbBLRDl,fact,local/personalized,Secondary
Tue Mar 03 02:34:51 +0000 2020,15463434,San Antonio mayor declares local public health emergency over coronavirus https://t.co/l45knRhH4J,fact,local/personalized,Secondary
Tue Mar 03 02:34:55 +0000 2020,371545143,Man if I see one more person complain and be scared about the Coronavirus I‚Äôm gonna flip,opinion,local/personalized,First-hand
Tue Mar 03 02:35:19 +0000 2020,7.44E+17,"On the bright side, the corona virus is apparently ruining people trips to ‚ÄúIsrael‚Äù aka Occupied Palestine",opinion,General,Secondary
Tue Mar 03 02:36:49 +0000 2020,4337846899,Is postmates a legitimate risk factor for corona virus? What if they cough or sneeze with my food in the car? I just ordered my dinner. Do I cancel it? Why do I feel like I‚Äôm panicking??,question,General,First-hand
Tue Mar 03 02:37:38 +0000 2020,2743783513,Honestly one of the most vital pieces of info I‚Äôve read thus far ‚ù§Ô∏èüê±‚ù§Ô∏è https://t.co/VdO4nkWiM0,opinion,local/personalized,First-hand
Tue Mar 03 02:38:32 +0000 2020,106463784,This Coronavirus thing will make millions of office workers realize that going to the office was a waste of time and many will never go back. @remote will be there to help.,opinion,General,First-hand
Tue Mar 03 02:39:11 +0000 2020,307110754,This is not true. Coronavirus is an enveloped virus that will be ‚Äúkilled‚Äù by alcohol-based sanitizers like hand sanitizer https://t.co/W27x7TMpEi,fact,General,Secondary
Tue Mar 03 02:39:43 +0000 2020,885754387,I seriously scrub up like a surgeon before eating lunch. #yuck https://t.co/oOdnUbfpMt,opinion,local/personalized,First-hand
Tue Mar 03 02:49:19 +0000 2020,17261693,"I just want to say thank you to @EdmondsCCPrez for his leadership in keeping faculty, staff and students safe at @EdmondsCC. I appreciate the frequent updates and the transparent communication. #COVID„Éº19 #writerslife #EducationMatters",fact,local/personalized,Secondary
Tue Mar 03 02:57:07 +0000 2020,189777708,"Aye, first case of the coronavirus in South Dakota....three more got to build up my immunity.  #ohcomeonlaugh https://t.co/fNP6b8YQpi",fact,local/personalized,Secondary
Tue Mar 03 02:57:50 +0000 2020,3317542777,"Good resource for the current virus as well as good advice for any other seasonal virus.  Read more at the CDC link below.

https://t.co/uDNExATvuV",fact,General,Secondary
Tue Mar 03 02:59:22 +0000 2020,141066990,"Today I heard about the first corporation that is not only limiting travel due to the coronavirus, but also restricting non-employees from visiting their office.  I suspect more companies will soon follow.",fact,General,Secondary
Tue Mar 03 02:59:38 +0000 2020,753743,"This is really good, pretty understandable for a lay person, and should be something you read. https://t.co/iFKZzAH2eo",opinion,local/personalized,First-hand
Wed Feb 05 03:01:57 +0000 2020,1.01E+18,"What people are forgetting is that many Asians wore face masks way before the #coronavirus trend. They came in many varieties. The ones who wore the surgicals were doctors, nail techs, collected cans, or worked in a dim sum spot. The rest were worn by artists and celebrities.",fact,General,Secondary
Wed Feb 05 03:03:50 +0000 2020,8.90E+17,No lie I got a dry ahh cough that‚Äôs been killing me https://t.co/wYMi1O17fF,opinion,local/personalized,First-hand
Wed Feb 05 03:09:48 +0000 2020,36976825,#ThingsThatMakeYouGoHmm don't quite understand why all these countries are chartering flights to get their citizens out when they all have plenty of big cargo planes they could send &amp; bring ppl home #coronavirus #preppers,question,General,Secondary
Wed Feb 05 03:16:01 +0000 2020,49410204,Glad to see Amazon stepping up to help! #coronavirus https://t.co/Ghd1oTP99I,opinion,General,Secondary
Wed Feb 19 03:04:15 +0000 2020,151630462,US Infected doubles to 29 #coronavirus  #COVID19 #CoronarvirusOutbreak #coronavirususa #Coronaviruscoverup #WuhanCoronavirus  #WuhanVirus #ÂÜ†Áä∂ÁóÖÊØí https://t.co/JWHVoC1Idg,fact,General,Secondary
Wed Feb 19 03:20:57 +0000 2020,1388656794,This woman in China used a remote-controlled car to buy groceries amid the coronavirus outbreak https://t.co/bVEL3yry9a,fact,local/personalized,Secondary
Wed Feb 19 03:32:18 +0000 2020,57359277,"What is shocking is the silence of the international community, says @nuryturkel @uyghurproject, only the US has responded to atrocities committed by #China against the Uighurs. There‚Äôs a need to build an int‚Äôl coalition, he continues, and I would add, for the US to do more. https://t.co/Gbb6fGxtxy",opinion,General,Secondary
Wed Feb 19 03:36:08 +0000 2020,62165659,"Coronavirus is serious around here @ ATL-Atlanta,Ga https://t.co/x5QQpvKgpd",opinion,local/personalized,Secondary
Wed Feb 26 13:00:28 +0000 2020,352557959,"In preparation for the possibility of local detection of #coronavirus, we are prepared to implement, should need warrant it, alternate dismissal of students, reduce large scale student assemblies, while increasing school cleaning cycles.  @cdc @MDCPS",fact,local/personalized,Secondary
Wed Feb 26 13:18:20 +0000 2020,2802339536,"This is said a lot, but in any other administration the scale of this botched comms strategy over the last 24hrs on coronavirus would define the president headed into an election. https://t.co/ubEnEeWXXr",opinion,General,Secondary
Wed Feb 26 13:19:41 +0000 2020,10109412,"Between the rain in Florida and all the CDC warnings, this felt like the right soundtrack for the day. @ Port Charlotte, Florida https://t.co/jrrlDtRfb0",opinion,local/personalized,First-hand
Wed Feb 26 13:33:06 +0000 2020,3474493392,Woke up with a sore throat and a cough....I think it‚Äôs coronavirus. Tell my Moms I love her!,opinion,local/personalized,First-hand
Wed Feb 26 13:35:43 +0000 2020,18869510,"Trump is reportedly furious with the plunging stock market due to coronavirus fears - https://t.co/WnK9xy6IAE
DEEP STATE #CORONAVIRUSCUNT ... Dr. Nancy Messonnier, director of the CDC's National Center for Immunization and Respiratory Diseases",opinion,General,Secondary
Wed Feb 26 13:36:25 +0000 2020,286422178,"I maintain primarily 1st quarter numbers will have to be lowered (for some companies dramatically.) But if I‚Äôm wrong we could fall another 10% in #stocks. A big determinant is how quickly an effective #CoronaVirus vaccine can be mass produced, and if cases fall off w warmer temps",opinion,General,First-hand
Wed Feb 26 13:37:17 +0000 2020,65747107,Who is leading the White House CoronaVirus team? Is it Steven Miller or Jared Kushner?  Perhaps it‚Äôs Devin Nunes? @cspanwj,question,General,Secondary
Wed Feb 26 13:57:39 +0000 2020,42984972,Do these people think the CDC is a liberal news station? https://t.co/FshCQn4VOG,question,General,Secondary
Wed Feb 26 13:58:00 +0000 2020,59047876,CORONAVIRUS UPDATE:  UAE says ready for ‚Äòworst case‚Äô scenarios as coronavirus spreads in Middle East‚Ä¶ https://t.co/ABhQxAIDB8,fact,General,Secondary
Wed Feb 26 18:15:22 +0000 2020,3650247017,They have axed some of the CDC departments a long time ago theres been a increase of cases and deaths and it will come here if you reach out to the CDC they will give you the info to report. He is trying to control his economy thats gonna blow up. We need to know what to do. He,fact,General,Secondary
Wed Feb 26 18:15:36 +0000 2020,1.05E+18,"I believe it is a bio weapon that they may or may not have released on purpose. It got Hong Kong protestors off the street &amp; front pages, gleans some of their most vulnerable‚Äîold &amp; young and an added bonus if it gets Americans mad at Mr Trump https://t.co/C451gNCbCC",opinion,local/personalized,First-hand
Wed Feb 26 18:15:51 +0000 2020,20699909,"JUST ADD THIS VIRUS TO HOMELESS AND ILLEGAL ALIEN DISASTER SAN FRAN.
OUCH!!

https://t.co/kOa81vC18z",opinion,local/personalized,First-hand
Wed Feb 26 18:35:56 +0000 2020,7.05E+17,Trump to cut funding to health program that helps low-income Americans to fund coronavirus response https://t.co/Dzku4Lv9Yq,fact,General,Secondary
Wed Feb 26 18:38:54 +0000 2020,3168450639,"Are Demonrats overhyping Coronavirus in order to damage the economy and Trump and win the election ? Regular flu killed 16,000 last year. One died from Covid 19 ( American) in the passenger ship",opinion,General,Secondary
Wed Feb 26 18:39:52 +0000 2020,228625234,My mom tells me she‚Äôs scared to cough in public because she doesn‚Äôt want people to think she has the corona virus üò¢,opinion,General,First-hand
Wed Feb 26 18:58:21 +0000 2020,2274042343,"i understand the severity of the coronoavirus outbreak in areas other than the US, but the news channels in my state are doing a really good job of causing unnecessary panic with misleading headlines and unnecessary information",opinion,General,First-hand
Wed Feb 26 18:59:58 +0000 2020,62118848,Is this supposed to make me feel better? https://t.co/LKtA68Yigi,question,local/personalized,First-hand
Wed Jan 22 23:25:19 +0000 2020,8.19E+17,"We, in the age of viral recognition need to be so 
careful.  CDC, only government institution outside DC...needs to acquire samples.  

I live about 3 miles from CDC...but we can't walk around in fear as always. https://t.co/J5bHoaBnvg",opinion,General,First-hand
Wed Jan 29 06:01:27 +0000 2020,395719161,Why isn‚Äôt there a travel ban from China lol,opinion,General,First-hand
Wed Jan 29 06:02:57 +0000 2020,27464208,Coronavirus in the U.S.: Map of where the virus has been confirmed across the country https://t.co/ZolqyhKGoS via @nbcnews,fact,General,Secondary
Wed Jan 29 06:10:38 +0000 2020,256398424,I think it's time to wear this because the CORONAVIRUS has landed in the US. https://t.co/986bKtJIOT,fact,General,Secondary
Wed Jan 29 06:11:30 +0000 2020,8.95E+17,"Dad told me today that two of his coworkers were just infected with the coronavirus. 

Luckily, he had moved back to his hometown for the lunar new year. He‚Äôs not sure, however, when he‚Äôs gonna have to head back to work.

I asked him not to. But honestly, what say would I have.",opinion,local/personalized,First-hand
Wed Jan 29 06:14:25 +0000 2020,442186427,Amnesia is becoming an epidemic among republicans. https://t.co/tRzfqloIAt,opinion,General,First-hand
Wed Jan 29 06:17:19 +0000 2020,1648454892,im exposed to blood borne pathogens &amp; saliva for work. I don‚Äôt feel safe. Is there an osha training on this one? #coronavirus,question,General,First-hand
Wed Jan 29 06:17:44 +0000 2020,1.22E+18,"#coronarvirus In order to face the situation of the virus of wuhan, the government of China decided to build two hospitals in 10 days! 10 days! By the way,I moved into my apartment 6 months ago,and it is still using the dispel generator in stead of the power system.ü§óü§ó",fact,General,Secondary
Wed Jan 29 06:18:00 +0000 2020,7.20E+17,i heard mexicans dont get corona virus so we good,opinion,General,First-hand
Wed Jan 29 06:18:49 +0000 2020,7.72E+17,UCSD has 20% students from China of unknown backgrounds https://t.co/4GsXojZ0Q2,fact,local/personalized,Secondary
Wed Jan 29 06:37:39 +0000 2020,2686587222,"I stand with #antivaccine 
#coronavirus  #Coronovirus #FreedomOfSpeech https://t.co/fYPI1gJ8aH",opinion,General,First-hand
Wed Jan 29 06:44:40 +0000 2020,354131581,"There is a new series on #netflix called Pandemic: How to Prevent an Outbreak and I find it odd that it releases right as this #coronavirus is going viral. Could be something, could be nothing, could just be marketing but I don‚Äôt like it and I‚Äôm starting the series tonight.",opinion,local/personalized,First-hand
Wed Jan 29 06:47:21 +0000 2020,27208395,"@BritishDeport33 Thank God for hard work of epidemiologists, virologists, the WHO, the CDC, health ministries &amp; public sector health workers all over the world that save us. When you read about mountains moved to contain these things it‚Äôs humbling. We always *this* close to the next Spanish Flu.",opinion,General,First-hand
Wed Jan 29 06:56:06 +0000 2020,237143408,The coronavirus has me fearing festival season big time,opinion,local/personalized,First-hand
Wed Jan 29 06:58:16 +0000 2020,14829547,"Why would you want to eat this?!
#coronavirus https://t.co/GLBMVOQCyM",question,local/personalized,First-hand
Wed Mar 04 23:09:17 +0000 2020,2853697593,"18,000 people have died in the U.S. from the common Flu in 7 months, so everybody chill tf out about virus with a global death toll of maybe 4k #COVID„Éº19",opinion,General,Secondary
Wed Mar 04 23:18:16 +0000 2020,1203441032,Monroe Co. Health Commissioner confirms one person at Rochester General Hospital is isolated and being tested for a possible case of the COVID-19 Coronavirus. Results are expected within the next 48 hours. https://t.co/QRHkOdayFh,fact,General,Secondary
Wed Mar 04 23:19:15 +0000 2020,1.00E+18,Based on extensive research COVID-19 came from nature. It was not a bioweapon. Bioweapon labs do study viruses to understand if they can be weaponized. https://t.co/IrsEw6sTn7,fact,General,Secondary
Wed Mar 04 23:20:09 +0000 2020,1927154545,"On average 3,287 Americans die each day in automobile accidents.
It doesn‚Äôt take a mathematical genius to realize this is a much greater possibility than dying from #CoronaVirus",opinion,General,Secondary
Wed Mar 04 23:20:33 +0000 2020,7.52E+17,"WTF

 Coronavirus: More than 94,000 cases have been confirmed worldwide, WHO says #Coronavirus https://t.co/ZDGzFPsIDf",fact,General,Secondary
Wed Mar 04 23:21:16 +0000 2020,1.06E+18,Jesus has the corona virus under control. Until He calls out the restraining power known as the Holy Sririt. Rapture!DumbRats say! Where is HE? DumassRats are to stupid to know where the restrainer lives. Don‚Äôt pray for us pelosi. Pray for your soul old woman. https://t.co/duotPXpR0e,opinion,General,First-hand
Wed Mar 04 23:21:44 +0000 2020,9.56E+17,A couple thousand people get Coronavirus and the whole world rushes to wear surgical mask. 37 million people have AIDS and y‚Äôall still fuckin without condoms. #justsayin #PutThatInYourPipe #WhatILearnedToday,opinion,General,Secondary
Wed Mar 04 23:22:27 +0000 2020,184625499,So the guy who caught coronavirus had a 15 year old son who went to a high school in WOODSTOCK Ga Living Science n the kid got the virus now so if you know someone that go to Living Science homestudies INC stay the hell away from me,opinion,local/personalized,Secondary
Wed Mar 04 23:22:56 +0000 2020,262484576,paid sick leave is a privilege not everyone has. and choosing to work while sick or not get paid is not a common sense decision. now you may go. #coronavirus,opinion,General,Secondary
Wed Mar 04 23:23:27 +0000 2020,444440723,"The corona virus can be spread through money. If you have any money at home, put on some gloves, put all the money in to a plastic bag &amp; MAIL it to me
Think of your health!
I just want yall to be safeüó£
The virus doesn't  spread through coins tho so y‚Äôall can keep that 
God Bless",fact,General,First-hand
Wed Mar 04 23:24:13 +0000 2020,76320456,Raise your hand if you‚Äôre tired of hearing about the corona virus! üôãüèª‚Äç‚ôÇÔ∏èüôãüèª‚Äç‚ôÇÔ∏è,opinion,General,Secondary
Wed Mar 04 23:27:10 +0000 2020,17531532,Due to the spread of #COVID„Éº19 I will be suspending my @bumble subscription as I am blaming the recent outbreak as to why my beeline looks like this: https://t.co/Htne0mYMff,opinion,local/personalized,First-hand
Wed Mar 04 23:42:14 +0000 2020,23293722,I wonder if anyone at TFF had coronavirus https://t.co/gx0zKsVeJm,question,local/personalized,First-hand
Wed Mar 04 23:43:19 +0000 2020,1548383101,"So as you would expect, traitor trump blames President Obama for the botched response to the Coronavirus; well, I blame trump for EVERYTHING else that‚Äôs wrong with our country, including his illegitimate ‚Äúpresidency‚Äù",opinion,General,First-hand
Wed Mar 04 23:44:11 +0000 2020,64712204,"I know everyone is talking about either the election or coronavirus, but damn the news about the tornado in Tennessee. Freaking heartbreaking",opinion,local/personalized,First-hand
Wed Mar 04 23:44:17 +0000 2020,41301935,"People be spraying that COVID-19 all over the walls here. Tryin' to pick up meds for my lad, but it's toxic af in here.",opinion,General,First-hand
Wed Mar 04 23:44:34 +0000 2020,46241244,"To avoid large gatherings, it seems like the better option would be for voters to request their ballot at home. @voteathome #Election2020 https://t.co/hMCeSVzfau",fact,General,Secondary
Wed Mar 04 23:44:52 +0000 2020,206786739,They canceled ultra music festival in Miami this year on fears of corona virus spreading... I really wish people would do the research about this virus and stop freaking out.,opinion,local/personalized,Secondary
Wed Mar 04 23:45:11 +0000 2020,17304065,"Looks like D.C. will be an epicenter for Coronavirus: ‚ÄúOn Tuesday, thousands of conference attendees fanned out across Capitol Hill, meeting with senators, House members, and their staff.‚Äù
https://t.co/vkbgtxbs41",fact,local/personalized,Secondary
Wed Mar 04 23:45:31 +0000 2020,24827440,My boss legit printed out a packet on what to stock up on for the corona virus to give to Cody üòÇüòÇüòÇ,opinion,local/personalized,First-hand
Wed Mar 04 23:46:00 +0000 2020,344633710,New York coronavirus cases rise to 11 as death toll increases https://t.co/zCukh4gzuA @MailOnline,fact,local/personalized,Secondary
Wed Mar 04 23:46:38 +0000 2020,1.15E+18,"Biotech company GeoVax working on coronavirus vaccine
Mar. 04, 2020 - 3:54 - GeoVax CEO David Dodd weighs in on efforts to combat coronavirus.

https://t.co/q3qhkvCjce",fact,General,Secondary
Wed Mar 04 23:47:47 +0000 2020,8.26E+17,Shame on this individual! Two golden rules against the #CoronavirusOutbreak #coronavirusnewyork: 1/ Wash your hands on a regular basis and use disposable tissue; 2/ Don‚Äôt be racist and xenophobic! https://t.co/KilMmeeBfX,fact,General,First-hand
Wed Mar 18 11:11:11 +0000 2020,1418846570,I'm afraid to go to work. https://t.co/lekxfYCrnW,opinion,local/personalized,First-hand
Wed Mar 18 11:11:28 +0000 2020,17240160,My daughter that lives in Los Angeles was notified yesterday that she was exposed to Miss Rona at work on March 9th. She‚Äôs been home since and symptom free. They‚Äôre all working remotely. This is why #SocialDistancing https://t.co/PVzv27kha2,opinion,local/personalized,First-hand
Wed Mar 18 11:11:57 +0000 2020,330777610,"I know there is a lot of fear and uncertainty in the world today. With everything that is going on with the coronavirus. Despite that, always remain positive and help your fellow neighbor. Everyone have a great day!‚Ä¶ https://t.co/qHNBvQyxkU",opinion,local/personalized,First-hand
Wed Mar 18 11:30:11 +0000 2020,2992504316,This makes me feel better üòÇ https://t.co/uJs0n0Ymlm,opinion,local/personalized,First-hand
Wed Mar 18 11:31:41 +0000 2020,1.24E+18,"Live in #Texas and want to know if you should get tested or not for #COVID19, dial 211 then press option 6.",question,local/personalized,Secondary
Wed Mar 18 11:52:20 +0000 2020,484297369,"As I asked yesterday....why were these allowed to stay open?  This is the right move.  Thank you @OnondagaCounty

https://t.co/SSwrIRKElo",opinion,local/personalized,Secondary
Wed Mar 18 11:55:11 +0000 2020,186196989,Does anyone know the Toliet paper for paper towel exchange rate in the new economy? #COVID19,question,General,First-hand
Wed Mar 18 11:55:43 +0000 2020,158132662,"Really appreciate the urging to lower ridership while also still being available to those that need it - health care workers, other essential personnel #FlattenTheCurve https://t.co/ByXoXlrunN",opinion,General,Secondary
Wed Mar 18 11:57:37 +0000 2020,2572631789,"A physician friend of mine in another state just shared her story online. She has been seeing many patients &amp; developed a cough. No fever. She asked if she should be tested. She was told no, more than once. She kept working, seeing patients, while using PPE. Now, she‚Äôs #COVID19 +",opinion,General,First-hand
Wed Mar 18 23:00:20 +0000 2020,7.51E+17,"Waiting on this action will turn out to be yet another massive @realDonaldTrump blunder. There are only 170,000 ventilators in the US. Forecasts indicate we will need 100s of thousands more. It takes time to manufacture and there are a very limited number of vendors. https://t.co/J9hN5SPkzg",fact,General,Secondary
Wed Mar 18 23:00:59 +0000 2020,253346956,this quarantine is messing my mind UP https://t.co/ASSbtvbaXs,opinion,local/personalized,First-hand
Wed Mar 18 23:02:46 +0000 2020,17665374,My stimulus plan for individual Americans.  The banks should defer or give forbearance on their Mortgages for 3 months.  Meaning no mortgage pmts would be paid for the next 3 month‚Äôs.  The pmt deferrals added to your mortgage balance and amortized over loan term. https://t.co/KfiXvQeZZd,opinion,General,First-hand
Wed Mar 18 23:03:00 +0000 2020,7.38E+17,"Floridians, please stay up-to-date with developments concerning the #Covid_19 Virus. We all play a huge role in ending this pandemic. 
#FlattenTheCurve #StayHome 

#GodBlessAmerica üá∫üá∏ https://t.co/UKvUpKXaDn",opinion,local/personalized,First-hand
Wed Mar 18 23:03:54 +0000 2020,1.20E+18,"If you‚Äôre bored already, just imagine that some of us (me lol) have been social distancing for almost a year now. You can do it, I believe in you üò∑‚ú® #coronavirus #Cancer #aml #Leukemia @ogcancerpatient",opinion,General,First-hand
Wed Mar 18 23:04:07 +0000 2020,2244289393,This is absolutely unacceptable. In times like this it is sad we are doing this https://t.co/3oJUSDr7nV,opinion,General,First-hand
Wed Mar 18 23:04:11 +0000 2020,413458672,To college students enjoying your ‚Äúextended spring break‚Äù and drinking and suppressing your own immune system and exposing yourself to COVID-19 I want you to realize that you are strong enough to fight this virus but you are putting so many others at risk. Stay home.,fact,General,Secondary
Wed Mar 18 23:04:20 +0000 2020,41616255,I miss my city https://t.co/ynE9JQKEfT,opinion,local/personalized,First-hand
Wed Mar 18 23:04:37 +0000 2020,1.19E+18,Big difference between ORDERING them and actually RECEIVING them. @maddow @chrislhayes @JoeNBC @realDonaldTrump does not understand his job does he @JoeBiden ? https://t.co/Ab8zE3DPJx,opinion,General,First-hand
Wed Mar 18 23:23:10 +0000 2020,2575519704,My life has been so messed up recently that this whole corona situation is not as stressful as everything else I was going thru,opinion,local/personalized,First-hand
Wed Mar 18 23:24:30 +0000 2020,1090139174,"UPDATE: A look at #COVID19 cases in Florida from March 1 - March 18. 
328 total cases, 8 deaths. https://t.co/1xzxBqBE4U",fact,local/personalized,Secondary
Wed Mar 18 23:24:34 +0000 2020,303228005,"Thankfully not all of us millennials are like this BUT we all need to do our part to keep our society as safe as possible. These people need to think about infecting others that are vulnerable...could be someone‚Äôs aunt, mom or grandparent. #COVID19 https://t.co/4chJPQQhPt",opinion,General,First-hand
Wed Mar 18 23:25:17 +0000 2020,16199084,"The incompetence that exists right now w/ marketing/creative/brand executives is unfathomable! Decisions to try to capitalize on #COVID19 #coronavirus are embarrassing to watch! This isn‚Äôt hard. Take care of yourself, loved ones &amp; stop trying to capitalize on a global #pandemic",opinion,General,Secondary
Wed Mar 18 23:26:04 +0000 2020,33827083,Thank you for pointing  out the real victim here - poor lil doll hands himself. https://t.co/di6XZZFz6j,opinion,local/personalized,First-hand
Wed Mar 18 23:27:41 +0000 2020,8.63E+17,Can we please keep them in Florida.... https://t.co/3tdsB9miPM,opinion,local/personalized,Secondary
Wed Mar 18 23:46:28 +0000 2020,2658919994,"It has been almost a week since we closed our doors due to the Covid-19 pandemic and we're missing each and every one of you so much.¬† The BC Dance Faculty, Office and myself have been working around the clock‚Ä¶ https://t.co/Ezr8XukICd",fact,local/personalized,Secondary
Wed Mar 18 23:46:56 +0000 2020,44899314,#QuarantineLife Day 3. Doing all I can to keep my kids from eating me out a house and home. I purchased the Fla-Vor-Ice from Costco. https://t.co/VVcFKxmSCx,opinion,local/personalized,First-hand
Wed Mar 18 23:47:03 +0000 2020,852734905,I live in a suburban nice place on an island off coast of southern South Carolina...houses are very far from each other...1/2 acre lots?....  I‚Äôm sitting on my porch and among the bird calls heard a cough across the road and my ears perked up. üò≥. #coronavirus,opinion,local/personalized,First-hand
Wed Mar 18 23:47:20 +0000 2020,1026142045,social distancing more like social VIBINH,opinion,General,First-hand
Wed Mar 18 23:48:07 +0000 2020,1928841116,"Best tech for working from home during coronavirus pandemic.
https://t.co/XiNKjkCSjE",opinion,General,Secondary
Wed Mar 18 23:48:20 +0000 2020,1143503042,I hope one thing people take away from this #COVID19 shitshow is to be more patient and nicer to the person next to them. I‚Äôve noticed kind acts over the past few days that I normally don‚Äôt see.,opinion,General,First-hand
Wed Mar 18 23:48:48 +0000 2020,19606065,"Have started to pretend our condo is a ship and am referring to the garage downstairs as the hold, the front room as the fo'c'sle, kitchen as galley, etc. #LifeHack #QuarantineLife",opinion,local/personalized,First-hand
Wed Mar 18 23:48:56 +0000 2020,41006064,Be Aware:: Thieves Dressed In Hazmat Suits Have Duped Residents In Long Beach and Stockton CA Pretending To ‚ÄúTest For Coronavirus‚Äù... Burglarized Homes.. See Something Not Right? Call 9-1-1! @LAPDWilshire https://t.co/Xx4gbCAB0t,fact,local/personalized,Secondary
Wed Mar 18 23:49:35 +0000 2020,122825865,500 DHS employees are self-quarantining. Will the #DHS Acting leader get them tested so we know for sure? https://t.co/M8H8pOrlNY,question,General,Secondary
Wed Mar 18 23:49:37 +0000 2020,1.01E+18,"CDC: Please self quarantine and minimize contact with humans and animals 
Me, an animal welfare worker and living in a house with 10+ animals: üòê.....",opinion,General,First-hand
Wed Mar 18 23:49:49 +0000 2020,484269028,Boy did I pick a good time to retire.  I can stay home and not go to work. Getting another of stuff done around the house.  Be safe,opinion,local/personalized,First-hand
